booking_id,user_id,distance_km,pickup,destination,otp
04-800-6057,51,116,40 Bashford Point,492 Aberg Lane,3133
67-461-2036,52,106,09847 Thompson Point,70 Porter Way,6420
57-326-1173,53,25,92 Bunker Hill Lane,2064 Oakridge Road,7254
80-238-4910,54,150,913 Shoshone Terrace,43 Hallows Pass,1400
04-967-8829,55,136,056 Vahlen Junction,663 Hintze Hill,1442
63-342-2258,56,36,56120 Blue Bill Park Court,80933 Mallory Junction,4860
83-099-5890,57,133,3 Johnson Terrace,7 Fairfield Hill,7499
78-357-8457,58,139,0314 Kropf Junction,39 Eastlawn Street,2712
06-647-9001,59,92,60457 La Follette Place,40 Farwell Court,6400
54-400-6373,60,61,759 Hauk Lane,5822 Lillian Park,3268
44-067-8359,61,92,5537 Spaight Circle,42 Northfield Park,1955
49-219-0790,62,138,6153 Banding Crossing,80018 Mayer Court,4382
39-612-8467,63,94,097 Namekagon Junction,25 Nelson Park,8953
09-232-4000,64,80,0293 Summerview Circle,7 Laurel Pass,3124
75-420-7684,65,166,7 Prairie Rose Pass,006 Mccormick Avenue,1387
43-363-5297,66,39,0701 Myrtle Park,6752 Milwaukee Pass,5577
79-607-1600,67,84,0 Bultman Way,90090 Texas Street,1594
47-723-6720,68,114,2 Veith Lane,5868 Northfield Court,3317
99-875-1152,69,150,71334 Pond Center,93 Ridgeview Alley,3546
59-694-4421,70,110,85 Warrior Terrace,78165 Oneill Way,2790
83-259-7485,71,165,20660 Dovetail Circle,6974 Steensland Hill,4910
71-188-6794,72,155,9 Stephen Pass,76 Pawling Terrace,7803
70-399-8934,73,124,9 Grasskamp Plaza,72 Miller Point,5466
03-186-7197,74,114,3 Bowman Hill,6599 Armistice Trail,5281
06-023-3017,75,109,202 Burning Wood Terrace,2102 Northview Plaza,9508
71-924-2518,76,39,66327 Bobwhite Plaza,940 Brentwood Place,1665
51-347-0264,77,154,785 Quincy Court,69 Pennsylvania Hill,8001
21-427-5838,78,128,93263 Hoepker Parkway,390 Manitowish Hill,4440
07-594-4999,79,48,418 Scoville Park,006 Esch Crossing,9735
45-153-2735,80,76,99297 Macpherson Terrace,0640 Fuller Plaza,6344
42-713-1501,81,106,28476 Dixon Junction,54533 Marcy Lane,5945
54-665-6076,82,27,39 Heffernan Trail,04734 Green Center,4579
98-998-5037,83,138,98094 Cordelia Crossing,71 Prairie Rose Plaza,9200
97-792-4203,84,82,6 Mallory Hill,8724 Clyde Gallagher Alley,3937
02-653-2939,85,91,7015 Sachtjen Pass,83589 Roth Circle,6791
50-049-9305,86,137,30670 Schurz Parkway,5551 Orin Street,4792
55-626-6562,87,165,35459 Florence Center,969 Paget Street,6734
91-186-8796,88,103,13 La Follette Place,01929 Evergreen Court,5042
35-696-3093,89,43,252 Mandrake Point,3 Barnett Way,3660
97-442-6770,90,73,9957 Hooker Pass,93 Kropf Street,1955
80-449-9365,91,45,0 Loeprich Park,097 Milwaukee Junction,6874
78-044-3787,92,46,1790 Talisman Way,34835 Eastwood Plaza,2664
50-061-5453,93,178,8984 Morrow Park,48 Comanche Street,1599
75-964-2728,94,39,729 Packers Park,817 Center Drive,2174
32-246-9916,95,101,4 Golf Junction,64 Westerfield Avenue,8910
43-524-5475,96,99,6 Forest Run Plaza,84987 Stuart Drive,1772
95-132-9416,97,106,71 Novick Trail,0 Tony Drive,8213
48-515-0906,98,98,6449 Thompson Drive,3396 Artisan Drive,6754
81-384-0948,99,38,3057 Bellgrove Road,19009 Twin Pines Alley,4155
97-183-2268,100,63,5538 Straubel Plaza,51 Talmadge Place,5142
79-673-0446,101,131,29 5th Hill,68 Norway Maple Plaza,6563
73-028-2384,102,91,05938 Crownhardt Alley,42 Corben Circle,2740
89-120-7740,103,154,420 Meadow Ridge Plaza,4 Portage Court,7460
28-477-8161,104,23,25371 Graceland Place,90 Northview Parkway,1881
74-290-0678,105,167,86 Hovde Pass,03757 Talisman Junction,2553
93-574-5264,106,65,1600 Elka Way,7 Bonner Place,4845
63-022-0218,107,58,2 Continental Circle,702 Valley Edge Terrace,9360
22-631-3248,108,110,3 Dottie Alley,405 Center Parkway,9174
12-234-5695,109,53,88 South Drive,5 Holmberg Circle,8035
22-198-8232,110,168,9977 Merry Hill,48 Bobwhite Point,6743
65-494-3993,111,173,10 Logan Point,2135 Clemons Court,2463
25-496-1887,112,140,982 Ludington Plaza,9 Crest Line Court,3138
93-050-4429,113,98,18701 Birchwood Junction,8628 Caliangt Crossing,9327
25-499-9665,114,103,5 Stoughton Plaza,99291 Blue Bill Park Terrace,8596
26-343-3381,115,72,54363 Bashford Park,43 Gerald Circle,6320
92-127-3106,116,62,5 Harbort Circle,0329 Coolidge Hill,8851
68-072-3839,117,33,52 Ramsey Street,98 Ilene Street,8302
55-919-6302,118,151,18809 Riverside Place,72 Lyons Drive,9693
69-344-0208,119,41,398 Vermont Lane,1029 Nelson Road,1510
74-971-4992,120,61,00104 Thackeray Terrace,3319 Blue Bill Park Trail,1494
97-550-3008,121,116,6 Trailsway Junction,0265 Fairview Park,6683
91-232-9995,122,159,897 Homewood Drive,13534 New Castle Terrace,7107
37-060-8575,123,133,4351 Springview Alley,437 Pennsylvania Street,6622
48-307-2903,124,168,0618 Judy Park,7 West Parkway,8020
88-869-9364,125,55,5 Florence Hill,46777 Forest Dale Avenue,3398
33-970-4104,126,145,53294 Twin Pines Alley,78 Monterey Lane,9392
48-862-0879,127,129,161 Hovde Drive,10397 Kim Crossing,5475
00-114-4896,128,58,84351 Mallard Pass,9 Waywood Lane,4744
40-084-9172,129,109,774 Sherman Place,6072 Dwight Center,7793
97-134-9665,130,88,9 Susan Street,9206 Summit Road,1646
29-899-1570,131,142,44 Northport Drive,3 Morrow Drive,8124
38-997-8457,132,59,9 American Center,410 Carioca Avenue,9616
13-634-4247,133,61,9222 Jackson Lane,3417 Messerschmidt Drive,6357
05-398-1096,134,144,8036 Lakeland Avenue,339 Roxbury Road,5600
31-760-8919,135,177,933 Merchant Center,17 Parkside Point,9055
69-153-9063,136,100,25 Miller Hill,5188 Kedzie Park,8186
34-242-5912,137,59,1 Clyde Gallagher Alley,08 Calypso Junction,7557
28-501-9842,138,84,07 Columbus Junction,8 Rusk Trail,2627
68-561-7377,139,28,71091 Saint Paul Point,4274 Dwight Terrace,4004
43-528-8563,140,124,8065 Dryden Trail,2016 Longview Hill,9904
16-732-5963,141,139,7653 Lake View Street,18486 Sage Pass,2712
40-348-2230,142,169,15546 Kedzie Place,5274 Bartelt Avenue,2752
70-335-4726,143,62,1363 Golden Leaf Alley,171 Pierstorff Trail,7725
59-184-1907,144,26,6041 Morrow Avenue,2881 La Follette Center,9947
15-167-1092,145,155,2762 Sloan Court,0 Holy Cross Avenue,9775
08-239-4996,146,150,0643 Mifflin Court,9 Village Green Court,5809
94-672-5211,147,123,30 Lotheville Terrace,3 8th Plaza,2328
75-820-0867,148,166,7 Sunbrook Street,53 Menomonie Point,6912
67-687-7473,149,21,316 Sunnyside Trail,7 7th Crossing,6524
77-277-0192,150,138,75 Ridgeview Point,560 Blue Bill Park Circle,4620
